styczeñ,2000
luty,2000
marzec,2000
kwiecieñ,2000
maj,2000
czerwiec,2000
lipiec,2000
sierpieñ,2000
wrzesieñ,2000
paŸdziernik,2000
listopad,2000
grudzieñ,2000
styczeñ,2001
luty,2001
marzec,2001
kwiecieñ,2001
maj,2001
czerwiec,2001
lipiec,2001
sierpieñ,2001
wrzesieñ,2001
paŸdziernik,2001
listopad,2001
grudzieñ,2001
styczeñ,2002
luty,2002
marzec,2002
kwiecieñ,2002
maj,2002
czerwiec,2002
lipiec,2002
sierpieñ,2002
wrzesieñ,2002
paŸdziernik,2002
listopad,2002
grudzieñ,2002
styczeñ,2003
luty,2003
marzec,2003
kwiecieñ,2003
maj,2003
czerwiec,2003
lipiec,2003
sierpieñ,2003
wrzesieñ,2003
paŸdziernik,2003
listopad,2003
grudzieñ,2003
styczeñ,2004
luty,2004
marzec,2004
kwiecieñ,2004
maj,2004
czerwiec,2004
lipiec,2004
sierpieñ,2004
wrzesieñ,2004
paŸdziernik,2004
listopad,2004
grudzieñ,2004
styczeñ,2005
luty,2005
marzec,2005
kwiecieñ,2005
maj,2005
czerwiec,2005
lipiec,2005
sierpieñ,2005
wrzesieñ,2005
paŸdziernik,2005
listopad,2005
grudzieñ,2005
styczeñ,2006
luty,2006
marzec,2006
kwiecieñ,2006
maj,2006
czerwiec,2006
lipiec,2006
sierpieñ,2006
wrzesieñ,2006
paŸdziernik,2006
listopad,2006
grudzieñ,2006
styczeñ,2007
luty,2007
marzec,2007
kwiecieñ,2007
maj,2007
czerwiec,2007
lipiec,2007
sierpieñ,2007
wrzesieñ,2007
paŸdziernik,2007
listopad,2007
grudzieñ,2007
styczeñ,2008
luty,2008
marzec,2008
kwiecieñ,2008
maj,2008
czerwiec,2008
lipiec,2008
sierpieñ,2008
wrzesieñ,2008
paŸdziernik,2008
listopad,2008
grudzieñ,2008
styczeñ,2009
luty,2009
marzec,2009
kwiecieñ,2009
maj,2009
czerwiec,2009
lipiec,2009
sierpieñ,2009
wrzesieñ,2009
paŸdziernik,2009
listopad,2009
grudzieñ,2009
styczeñ,2010
luty,2010
marzec,2010
kwiecieñ,2010
maj,2010
czerwiec,2010
lipiec,2010
sierpieñ,2010
wrzesieñ,2010
paŸdziernik,2010
listopad,2010
grudzieñ,2010
styczeñ,2011
luty,2011
marzec,2011
kwiecieñ,2011
maj,2011
czerwiec,2011
lipiec,2011
sierpieñ,2011
wrzesieñ,2011
paŸdziernik,2011
listopad,2011
grudzieñ,2011
styczeñ,2012
luty,2012
marzec,2012
kwiecieñ,2012
maj,2012
czerwiec,2012
lipiec,2012
sierpieñ,2012
wrzesieñ,2012
paŸdziernik,2012
listopad,2012
grudzieñ,2012
styczeñ,2013
luty,2013
marzec,2013
kwiecieñ,2013
maj,2013
czerwiec,2013
lipiec,2013
sierpieñ,2013
wrzesieñ,2013
paŸdziernik,2013
listopad,2013
grudzieñ,2013
styczeñ,2014
luty,2014
marzec,2014
kwiecieñ,2014
maj,2014
czerwiec,2014
lipiec,2014
sierpieñ,2014
wrzesieñ,2014
paŸdziernik,2014
listopad,2014
grudzieñ,2014
styczeñ,2015
luty,2015
marzec,2015
kwiecieñ,2015
maj,2015
czerwiec,2015
lipiec,2015
sierpieñ,2015
wrzesieñ,2015
paŸdziernik,2015
listopad,2015
grudzieñ,2015
styczeñ,2016
luty,2016
marzec,2016
kwiecieñ,2016
maj,2016
czerwiec,2016
lipiec,2016
sierpieñ,2016
wrzesieñ,2016
paŸdziernik,2016
listopad,2016
grudzieñ,2016
styczeñ,2017
luty,2017
marzec,2017
kwiecieñ,2017
maj,2017
czerwiec,2017
lipiec,2017
sierpieñ,2017
wrzesieñ,2017
paŸdziernik,2017
listopad,2017
grudzieñ,2017
styczeñ,2018
luty,2018
marzec,2018
kwiecieñ,2018
maj,2018
czerwiec,2018
lipiec,2018
sierpieñ,2018
wrzesieñ,2018
paŸdziernik,2018
listopad,2018
grudzieñ,2018
styczeñ,2019
luty,2019
marzec,2019
kwiecieñ,2019
maj,2019
czerwiec,2019
lipiec,2019
sierpieñ,2019
wrzesieñ,2019
paŸdziernik,2019
listopad,2019
grudzieñ,2019
styczeñ,2020
luty,2020
marzec,2020
kwiecieñ,2020
maj,2020
czerwiec,2020
lipiec,2020
sierpieñ,2020
wrzesieñ,2020
paŸdziernik,2020
listopad,2020
grudzieñ,2020
styczeñ,2021
luty,2021
marzec,2021
kwiecieñ,2021
maj,2021
czerwiec,2021
lipiec,2021
sierpieñ,2021
wrzesieñ,2021
paŸdziernik,2021
listopad,2021
grudzieñ,2021
styczeñ,2022
luty,2022
marzec,2022
kwiecieñ,2022
maj,2022
czerwiec,2022
lipiec,2022
sierpieñ,2022
wrzesieñ,2022
paŸdziernik,2022
listopad,2022
grudzieñ,2022
styczeñ,2023
luty,2023
marzec,2023
kwiecieñ,2023
maj,2023
czerwiec,2023
lipiec,2023
sierpieñ,2023
wrzesieñ,2023
paŸdziernik,2023
listopad,2023
grudzieñ,2023
styczeñ,2024
luty,2024
marzec,2024
kwiecieñ,2024
maj,2024
czerwiec,2024
lipiec,2024
sierpieñ,2024
wrzesieñ,2024
paŸdziernik,2024
listopad,2024
grudzieñ,2024
styczeñ,2025
luty,2025
marzec,2025
kwiecieñ,2025
maj,2025
czerwiec,2025
lipiec,2025
sierpieñ,2025
wrzesieñ,2025
paŸdziernik,2025
listopad,2025
grudzieñ,2025
styczeñ,2026
luty,2026
marzec,2026
kwiecieñ,2026
maj,2026
czerwiec,2026
lipiec,2026
sierpieñ,2026
wrzesieñ,2026
paŸdziernik,2026
listopad,2026
grudzieñ,2026
styczeñ,2027
luty,2027
marzec,2027
kwiecieñ,2027
maj,2027
czerwiec,2027
lipiec,2027
sierpieñ,2027
wrzesieñ,2027
paŸdziernik,2027
listopad,2027
grudzieñ,2027
styczeñ,2028
luty,2028
marzec,2028
kwiecieñ,2028
maj,2028
czerwiec,2028
lipiec,2028
sierpieñ,2028
wrzesieñ,2028
paŸdziernik,2028
listopad,2028
grudzieñ,2028
styczeñ,2029
luty,2029
marzec,2029
kwiecieñ,2029
maj,2029
czerwiec,2029
lipiec,2029
sierpieñ,2029
wrzesieñ,2029
paŸdziernik,2029
listopad,2029
grudzieñ,2029